{"cameraMode":{"drawMode":0,"name":"Shaded","section":"Shading Mode"},"sceneLighting":false,"audioPlay":false,"sceneViewState":{"m_AlwaysRefresh":false,"showFog":false,"showSkybox":false,"showFlares":false,"showImageEffects":false,"showParticleSystems":false,"showVisualEffectGraphs":true,"m_FxEnabled":true},"in2DMode":false,"pivot":{"x":0.06939619779586792,"y":-0.06625252962112427,"z":-0.10449349880218506},"rotation":{"x":0.005696458276361227,"y":0.9932227730751038,"z":-0.05548909306526184,"w":0.10196370631456375},"size":0.7987462878227234,"orthographic":false}