{"cameraMode":{"drawMode":0,"name":"Shaded","section":"Shading Mode"},"sceneLighting":false,"audioPlay":false,"sceneViewState":{"m_AlwaysRefresh":false,"showFog":false,"showSkybox":false,"showFlares":false,"showImageEffects":false,"showParticleSystems":false,"showVisualEffectGraphs":true,"m_FxEnabled":true},"in2DMode":false,"pivot":{"x":0.1169927716255188,"y":1.0019304752349854,"z":-0.058273106813430789},"rotation":{"x":0.020264051854610444,"y":0.9499964118003845,"z":-0.06308647245168686,"w":0.3051494061946869},"size":0.49874627590179446,"orthographic":false}